customer_type,year,sales,units,transactions,collectors
NON_LOYALTY,2015,647345.5500000053,33525,22187,1
NON_LOYALTY,2016,32718.229999999974,2080,1261,1
LOYALTY,2015,150538.13999999975,10416,6822,5156
LOYALTY,2016,12798.400000000001,582,372,358
LOYALTY,,364312.0099999999,22363,10705,483
NON_LOYALTY,,593173.2400000131,36895,20339,1
