customer_type,total_sales,total_units
LOYALTY,527648.5500000002,33361
NON_LOYALTY,1273237.0199999397,72500
